SET FOREIGN_KEY_CHECKS=0;
SET SQL_MODE = "NO_AUTO_VALUE_ON_ZERO";
START TRANSACTION;
SET time_zone = "+00:00";

DELETE FROM configurations;
DELETE FROM results;
DELETE FROM artifacts;
DELETE FROM champions;
DELETE FROM options;
DELETE FROM users;


INSERT INTO `users` (`id`, `username`, `email`, `password`, `token`, `verify_token`, `language`, `created_at`, `updated_at`, `deleted_at`) VALUES
(1, 'user1', 'user1@localhost.local', 'bbd7182cd0ee95488f1a1e6f3fe0d8f94ed0d14e4db1dce713fe82a3231c523d', '2a511bc19f133cd39cac88881dfcc374', NULL, 'en', '2021-04-12 11:31:26', '2021-04-12 11:55:12', NULL),
(2, 'user2', 'user2@localhost.local', 'bbd7182cd0ee95488f1a1e6f3fe0d8f94ed0d14e4db1dce713fe82a3231c523d', NULL, '2a511bc19f133cd39cac88881dfcc375', 'fr', '2021-04-12 11:31:26', '2021-04-12 11:55:12', NULL),
(3, 'user3', 'user3@localhost.local', 'bbd7182cd0ee95488f1a1e6f3fe0d8f94ed0d14e4db1dce713fe82a3231c523d', '2a511bc19f133cd39cac88881dfcc376', NULL, 'en', '2021-04-12 11:31:26', '2021-04-12 11:55:12', '2021-04-12 11:55:12');


INSERT INTO `options` (`user_id`, `artifacts_display`, `exclude_worn_artifact`, `generation_method`, `arena_rank`, `great_hall`, `created_at`, `updated_at`, `deleted_at`) VALUES
(1, 0, 1, 'real', 0, '{\"Force\":{\"ACC\":0,\"ATK\":0,\"CDMG\":0,\"DEF\":0,\"HP\":0,\"RESI\":0},\"Magic\":{\"ACC\":0,\"ATK\":0,\"CDMG\":0,\"DEF\":0,\"HP\":0,\"RESI\":0},\"Spirit\":{\"ACC\":0,\"ATK\":0,\"CDMG\":0,\"DEF\":0,\"HP\":0,\"RESI\":0},\"Void\":{\"ACC\":0,\"ATK\":0,\"CDMG\":0,\"DEF\":0,\"HP\":0,\"RESI\":0}}', '2021-04-12 11:31:26', '2021-04-12 11:31:26', NULL),
(2, 1, 0, 'easy', 5, '{\"Force\":{\"ACC\":1,\"ATK\":1,\"CDMG\":1,\"DEF\":1,\"HP\":1,\"RESI\":1},\"Magic\":{\"ACC\":0,\"ATK\":0,\"CDMG\":0,\"DEF\":0,\"HP\":0,\"RESI\":0},\"Spirit\":{\"ACC\":0,\"ATK\":0,\"CDMG\":0,\"DEF\":0,\"HP\":0,\"RESI\":0},\"Void\":{\"ACC\":0,\"ATK\":0,\"CDMG\":0,\"DEF\":0,\"HP\":0,\"RESI\":0}}', '2021-04-12 11:31:26', '2021-04-12 11:31:26', NULL),
(3, 0, 1, 'real', 0, '{\"Force\":{\"ACC\":0,\"ATK\":0,\"CDMG\":0,\"DEF\":0,\"HP\":0,\"RESI\":0},\"Magic\":{\"ACC\":0,\"ATK\":0,\"CDMG\":0,\"DEF\":0,\"HP\":0,\"RESI\":0},\"Spirit\":{\"ACC\":0,\"ATK\":0,\"CDMG\":0,\"DEF\":0,\"HP\":0,\"RESI\":0},\"Void\":{\"ACC\":0,\"ATK\":0,\"CDMG\":0,\"DEF\":0,\"HP\":0,\"RESI\":0}}', '2021-04-12 11:31:26', '2021-04-12 11:31:26', '2021-04-12 11:31:26');


INSERT INTO `champions` (`id`, `user_id`, `champion_ref`, `quality`, `awaken`, `level`, `vault`, `base_hp`, `base_acc`, `base_atk`, `base_def`, `base_crate`, `base_cdmg`, `base_res`, `base_spd`, `hp`, `acc`, `atk`, `def`, `crate`, `cdmg`, `res`, `spd`, `masteries`, `power`, `created_at`, `updated_at`, `deleted_at`) VALUES
(0, 1, 450, 4, 4, 40, 1, 8115, 0, 500, 529, 15, 50, 30, 93, 9006, 0, 505, 534, 20, 60, 30, 93, '[\"Steadfast\",\"DeadlyPrecision\",\"Shieldbearer\",\"KeenStrike\",\"LayOnHands\"]', 0, '2021-04-12 11:31:26', '2021-04-12 11:31:26', NULL),
(1, 1, 390, 4, 3, 40, 1, 6420, 0, 565, 541, 15, 50, 30, 94, 6484, 0, 571, 546, 15, 50, 30, 94, '[]', 0, '2021-04-12 11:31:26', '2021-04-12 11:31:26', NULL),
(2, 1, 1490, 5, 5, 50, 0, 10455, 0, 875, 608, 15, 50, 30, 107, 21977, 31, 1286, 952, 53, 109, 84, 123, '[\"DeadlyPrecision\",\"Defiant\",\"ShieldBreaker\",\"KeenStrike\",\"ImprovedParry\"]', 460, '2021-04-12 11:31:26', '2021-04-12 11:31:26', NULL),
(3, 1, 2120, 4, 4, 40, 0, 6510, 0, 595, 369, 15, 50, 30, 97, 6575, 0, 601, 373, 20, 50, 30, 97, '[\"DeadlyPrecision\"]', 0, '2021-04-12 11:31:26', '2021-04-12 11:31:26', NULL),
(4, 1, 1120, 5, 2, 50, 0, 11670, 0, 705, 786, 15, 50, 30, 103, 22871, 77, 1277, 1330, 15, 72, 68, 164, '[]', 654, '2021-04-12 11:31:26', '2021-04-12 11:31:26', NULL),
(5, 1, 1500, 5, 5, 50, 0, 9840, 0, 834, 681, 15, 50, 30, 104, 15881, 78, 1418, 834, 38, 99, 69, 148, '[\"DeadlyPrecision\",\"Defiant\",\"KeenStrike\",\"ImprovedParry\",\"HeartOfGlory\"]', 456, '2021-04-12 11:31:26', '2021-04-12 11:31:26', NULL),
(6, 1, 580, 5, 5, 50, 0, 11055, 0, 753, 689, 15, 50, 30, 98, 19760, 20, 1059, 810, 20, 71, 57, 146, '[\"DeadlyPrecision\",\"Steadfast\",\"ExaltInDeath\",\"ShieldBreaker\",\"KeenStrike\"]', 311, '2021-04-12 11:31:26', '2021-04-12 11:31:26', NULL),
(7, 1, 190, 6, 6, 60, 0, 16185, 0, 881, 1343, 15, 50, 45, 95, 36438, 87, 1207, 2315, 31, 163, 134, 182, '[\"DeadlyPrecision\",\"Defiant\",\"KeenStrike\",\"Rejuvenation\",\"ImprovedParry\",\"LifeDrinker\",\"ShadowHeal\",\"BringItDown\",\"Bloodthirst\",\"CycleOfViolence\",\"Methodical\",\"Warmaster\",\"DelayDeath\",\"CycleOfRevenge\",\"Retribution\"]', 951, '2021-04-12 11:31:26', '2021-04-12 11:31:26', NULL),
(8, 1, 1510, 6, 6, 60, 0, 13710, 0, 1200, 914, 15, 57, 30, 103, 23355, 91, 3257, 1330, 80, 163, 74, 171, '[\"DeadlyPrecision\",\"PinpointAccuracy\",\"KeenStrike\",\"ShieldBreaker\",\"ExaltInDeath\",\"RuthlessAmbush\",\"WhirlwindOfDeath\",\"ArcaneCelerity\",\"LoreOfSteel\",\"EvilEye\",\"MasterHexer\",\"CycleOfViolence\",\"BloodShield\",\"KillStreak\",\"FlawlessExecution\"]', 865, '2021-04-12 11:31:26', '2021-04-12 11:31:26', NULL),
(9, 1, 22380, 4, 2, 40, 0, 8745, 0, 666, 405, 15, 50, 30, 94, 12215, 17, 1187, 630, 56, 68, 68, 132, '[]', 423, '2021-04-12 11:31:26', '2021-04-12 11:31:26', NULL),
(10, 2, 450, 4, 4, 40, 1, 8115, 0, 500, 529, 15, 50, 30, 93, 9006, 0, 505, 534, 20, 60, 30, 93, '[\"Steadfast\",\"DeadlyPrecision\",\"Shieldbearer\",\"KeenStrike\",\"LayOnHands\"]', 0, '2021-04-12 11:31:26', '2021-04-12 11:31:26', NULL),
(11, 2, 390, 4, 3, 40, 1, 6420, 0, 565, 541, 15, 50, 30, 94, 6484, 0, 571, 546, 15, 50, 30, 94, '[]', 0, '2021-04-12 11:31:26', '2021-04-12 11:31:26', NULL),
(12, 2, 1490, 5, 5, 50, 0, 10455, 0, 875, 608, 15, 50, 30, 107, 21977, 31, 1286, 952, 53, 109, 84, 123, '[\"DeadlyPrecision\",\"Defiant\",\"ShieldBreaker\",\"KeenStrike\",\"ImprovedParry\"]', 460, '2021-04-12 11:31:26', '2021-04-12 11:31:26', NULL),
(13, 2, 2120, 4, 4, 40, 0, 6510, 0, 595, 369, 15, 50, 30, 97, 6575, 0, 601, 373, 20, 50, 30, 97, '[\"DeadlyPrecision\"]', 0, '2021-04-12 11:31:26', '2021-04-12 11:31:26', NULL),
(14, 2, 1120, 5, 2, 50, 0, 11670, 0, 705, 786, 15, 50, 30, 103, 22871, 77, 1277, 1330, 15, 72, 68, 164, '[]', 654, '2021-04-12 11:31:26', '2021-04-12 11:31:26', NULL),
(15, 2, 1500, 5, 5, 50, 0, 9840, 0, 834, 681, 15, 50, 30, 104, 15881, 78, 1418, 834, 38, 99, 69, 148, '[\"DeadlyPrecision\",\"Defiant\",\"KeenStrike\",\"ImprovedParry\",\"HeartOfGlory\"]', 456, '2021-04-12 11:31:26', '2021-04-12 11:31:26', NULL),
(16, 2, 580, 5, 5, 50, 0, 11055, 0, 753, 689, 15, 50, 30, 98, 19760, 20, 1059, 810, 20, 71, 57, 146, '[\"DeadlyPrecision\",\"Steadfast\",\"ExaltInDeath\",\"ShieldBreaker\",\"KeenStrike\"]', 311, '2021-04-12 11:31:26', '2021-04-12 11:31:26', NULL),
(17, 2, 190, 6, 6, 60, 0, 16185, 0, 881, 1343, 15, 50, 45, 95, 36438, 87, 1207, 2315, 31, 163, 134, 182, '[\"DeadlyPrecision\",\"Defiant\",\"KeenStrike\",\"Rejuvenation\",\"ImprovedParry\",\"LifeDrinker\",\"ShadowHeal\",\"BringItDown\",\"Bloodthirst\",\"CycleOfViolence\",\"Methodical\",\"Warmaster\",\"DelayDeath\",\"CycleOfRevenge\",\"Retribution\"]', 951, '2021-04-12 11:31:26', '2021-04-12 11:31:26', NULL),
(18, 2, 1510, 6, 6, 60, 0, 13710, 0, 1200, 914, 15, 57, 30, 103, 23355, 91, 3257, 1330, 80, 163, 74, 171, '[\"DeadlyPrecision\",\"PinpointAccuracy\",\"KeenStrike\",\"ShieldBreaker\",\"ExaltInDeath\",\"RuthlessAmbush\",\"WhirlwindOfDeath\",\"ArcaneCelerity\",\"LoreOfSteel\",\"EvilEye\",\"MasterHexer\",\"CycleOfViolence\",\"BloodShield\",\"KillStreak\",\"FlawlessExecution\"]', 865, '2021-04-12 11:31:26', '2021-04-12 11:31:26', NULL),
(19, 2, 22380, 4, 2, 40, 0, 8745, 0, 666, 405, 15, 50, 30, 94, 12215, 17, 1187, 630, 56, 68, 68, 132, '[]', 423, '2021-04-12 11:31:26', '2021-04-12 11:31:26', NULL),
(20, 3, 450, 4, 4, 40, 1, 8115, 0, 500, 529, 15, 50, 30, 93, 9006, 0, 505, 534, 20, 60, 30, 93, '[\"Steadfast\",\"DeadlyPrecision\",\"Shieldbearer\",\"KeenStrike\",\"LayOnHands\"]', 0, '2021-04-12 11:31:26', '2021-04-12 11:31:26', '2021-04-12 11:31:26'),
(21, 3, 390, 4, 3, 40, 1, 6420, 0, 565, 541, 15, 50, 30, 94, 6484, 0, 571, 546, 15, 50, 30, 94, '[]', 0, '2021-04-12 11:31:26', '2021-04-12 11:31:26', '2021-04-12 11:31:26'),
(22, 3, 1490, 5, 5, 50, 0, 10455, 0, 875, 608, 15, 50, 30, 107, 21977, 31, 1286, 952, 53, 109, 84, 123, '[\"DeadlyPrecision\",\"Defiant\",\"ShieldBreaker\",\"KeenStrike\",\"ImprovedParry\"]', 460, '2021-04-12 11:31:26', '2021-04-12 11:31:26', '2021-04-12 11:31:26'),
(23, 3, 2120, 4, 4, 40, 0, 6510, 0, 595, 369, 15, 50, 30, 97, 6575, 0, 601, 373, 20, 50, 30, 97, '[\"DeadlyPrecision\"]', 0, '2021-04-12 11:31:26', '2021-04-12 11:31:26', '2021-04-12 11:31:26'),
(24, 3, 1120, 5, 2, 50, 0, 11670, 0, 705, 786, 15, 50, 30, 103, 22871, 77, 1277, 1330, 15, 72, 68, 164, '[]', 654, '2021-04-12 11:31:26', '2021-04-12 11:31:26', '2021-04-12 11:31:26'),
(25, 3, 1500, 5, 5, 50, 0, 9840, 0, 834, 681, 15, 50, 30, 104, 15881, 78, 1418, 834, 38, 99, 69, 148, '[\"DeadlyPrecision\",\"Defiant\",\"KeenStrike\",\"ImprovedParry\",\"HeartOfGlory\"]', 456, '2021-04-12 11:31:26', '2021-04-12 11:31:26', '2021-04-12 11:31:26'),
(26, 3, 580, 5, 5, 50, 0, 11055, 0, 753, 689, 15, 50, 30, 98, 19760, 20, 1059, 810, 20, 71, 57, 146, '[\"DeadlyPrecision\",\"Steadfast\",\"ExaltInDeath\",\"ShieldBreaker\",\"KeenStrike\"]', 311, '2021-04-12 11:31:26', '2021-04-12 11:31:26', '2021-04-12 11:31:26'),
(27, 3, 190, 6, 6, 60, 0, 16185, 0, 881, 1343, 15, 50, 45, 95, 36438, 87, 1207, 2315, 31, 163, 134, 182, '[\"DeadlyPrecision\",\"Defiant\",\"KeenStrike\",\"Rejuvenation\",\"ImprovedParry\",\"LifeDrinker\",\"ShadowHeal\",\"BringItDown\",\"Bloodthirst\",\"CycleOfViolence\",\"Methodical\",\"Warmaster\",\"DelayDeath\",\"CycleOfRevenge\",\"Retribution\"]', 951, '2021-04-12 11:31:26', '2021-04-12 11:31:26', '2021-04-12 11:31:26'),
(28, 3, 1510, 6, 6, 60, 0, 13710, 0, 1200, 914, 15, 57, 30, 103, 23355, 91, 3257, 1330, 80, 163, 74, 171, '[\"DeadlyPrecision\",\"PinpointAccuracy\",\"KeenStrike\",\"ShieldBreaker\",\"ExaltInDeath\",\"RuthlessAmbush\",\"WhirlwindOfDeath\",\"ArcaneCelerity\",\"LoreOfSteel\",\"EvilEye\",\"MasterHexer\",\"CycleOfViolence\",\"BloodShield\",\"KillStreak\",\"FlawlessExecution\"]', 865, '2021-04-12 11:31:26', '2021-04-12 11:31:26', '2021-04-12 11:31:26'),
(29, 3, 22380, 4, 2, 40, 0, 8745, 0, 666, 405, 15, 50, 30, 94, 12215, 17, 1187, 630, 56, 68, 68, 132, '[]', 423, '2021-04-12 11:31:26', '2021-04-12 11:31:26', '2021-04-12 11:31:26');

INSERT INTO `artifacts` (id, user_id, champion_id, slot, sets, clan, rarity, quality, `level`, main_stat, main_value, sub_stats, `power`, created_at, updated_at, deleted_at) VALUES
(0, 1, 0, 'Weapon', 'Cruel', NULL, 'Rare', 5, 12, 'ATK', 143, '[{\"Rune\":0,\"Stats\":\"C.DMG\",\"Value\":15,\"Roll\":2},{\"Rune\":175,\"Stats\":\"HP\",\"Value\":246,\"Roll\":0},{\"Rune\":0,\"Stats\":\"C.RATE\",\"Value\":5,\"Roll\":0}]', 48, '2021-04-12 11:31:21', '2021-04-12 11:31:21', NULL),
(1, 1, 0, 'Helmet', 'CriticalRate', NULL, 'Epic', 5, 12, 'HP', 2231, '[{\"Rune\":1,\"Stats\":\"SPD\",\"Value\":10,\"Roll\":1},{\"Rune\":0,\"Stats\":\"C.DMG\",\"Value\":4,\"Roll\":0},{\"Rune\":2,\"Stats\":\"ACC\",\"Value\":30,\"Roll\":2}]', 88, '2021-04-12 11:31:18', '2021-04-12 11:31:18', NULL),
(2, 1, 0, 'Shield', 'CriticalRate', NULL, 'Epic', 5, 12, 'DEF', 143, '[{\"Rune\":1,\"Stats\":\"SPD\",\"Value\":10,\"Roll\":1},{\"Rune\":0,\"Stats\":\"C.RATE\",\"Value\":10,\"Roll\":1},{\"Rune\":0,\"Stats\":\"C.DMG\",\"Value\":10,\"Roll\":1}]', 76, '2021-04-12 11:31:18', '2021-04-12 11:31:18', NULL),
(3, 1, 0, 'Gauntlets', 'CriticalDamage', NULL, 'Epic', 5, 12, 'C.DMG', 42, '[{\"Rune\":1,\"Stats\":\"SPD\",\"Value\":14,\"Roll\":2},{\"Rune\":2,\"Stats\":\"ACC\",\"Value\":9,\"Roll\":0},{\"Rune\":5,\"Stats\":\"ATK%\",\"Value\":12,\"Roll\":1}]', 151, '2021-04-12 11:31:20', '2021-04-12 11:31:20', NULL),
(4, 1, 0, 'Chestplate', 'CriticalDamage', NULL, 'Epic', 5, 12, 'HP%', 33, '[{\"Rune\":1,\"Stats\":\"SPD\",\"Value\":9,\"Roll\":1},{\"Rune\":0,\"Stats\":\"C.DMG\",\"Value\":9,\"Roll\":1},{\"Rune\":1,\"Stats\":\"DEF%\",\"Value\":9,\"Roll\":1}]', 125, '2021-04-12 11:31:20', '2021-04-12 11:31:20', NULL),
(5, 1, 0, 'Boots', 'Cruel', NULL, 'Epic', 5, 16, 'ATK%', 50, '[{\"Rune\":100,\"Stats\":\"HP\",\"Value\":848,\"Roll\":1},{\"Rune\":10,\"Stats\":\"ATK\",\"Value\":55,\"Roll\":2},{\"Rune\":0,\"Stats\":\"C.DMG\",\"Value\":4,\"Roll\":0},{\"Rune\":3,\"Stats\":\"ACC\",\"Value\":10,\"Roll\":0}]', 134, '2021-04-12 11:31:18', '2021-04-12 11:31:18', NULL),
(6, 1, 1, 'Weapon', 'Cruel', NULL, 'Epic', 4, 16, 'ATK', 190, '[{\"Rune\":2,\"Stats\":\"ACC\",\"Value\":7,\"Roll\":0},{\"Rune\":0,\"Stats\":\"C.RATE\",\"Value\":13,\"Roll\":2},{\"Rune\":2,\"Stats\":\"RESI\",\"Value\":15,\"Roll\":1},{\"Rune\":0,\"Stats\":\"HP%\",\"Value\":5,\"Roll\":0}]', 84, '2021-04-12 11:31:17', '2021-04-12 11:31:17', NULL),
(7, 1, 1, 'Helmet', 'CriticalDamage', NULL, 'Epic', 4, 12, 'HP', 1800, '[{\"Rune\":0,\"Stats\":\"C.DMG\",\"Value\":7,\"Roll\":1},{\"Rune\":0,\"Stats\":\"DEF\",\"Value\":13,\"Roll\":0},{\"Rune\":3,\"Stats\":\"ATK%\",\"Value\":10,\"Roll\":2}]', 48, '2021-04-12 11:31:23', '2021-04-12 11:31:23', NULL),
(8, 1, 1, 'Shield', 'Cruel', NULL, 'Epic', 4, 12, 'DEF', 120, '[{\"Rune\":0,\"Stats\":\"ACC\",\"Value\":29,\"Roll\":3},{\"Rune\":0,\"Stats\":\"C.RATE\",\"Value\":4,\"Roll\":0},{\"Rune\":0,\"Stats\":\"C.DMG\",\"Value\":4,\"Roll\":0}]', 61, '2021-04-12 11:31:21', '2021-04-12 11:31:21', NULL),
(9, 1, 1, 'Gauntlets', 'Accuracy', NULL, 'Legendary', 4, 12, 'C.RATE', 26, '[{\"Rune\":3,\"Stats\":\"ATK%\",\"Value\":5,\"Roll\":0},{\"Rune\":0,\"Stats\":\"HP\",\"Value\":482,\"Roll\":1},{\"Rune\":1,\"Stats\":\"SPD\",\"Value\":7,\"Roll\":1},{\"Rune\":0,\"Stats\":\"DEF%\",\"Value\":8,\"Roll\":1}]', 105, '2021-04-12 11:31:24', '2021-04-12 11:31:24', NULL),
(10, 1, 1, 'Chestplate', 'Accuracy', NULL, 'Rare', 5, 12, 'ATK%', 33, '[{\"Rune\":14,\"Stats\":\"ATK\",\"Value\":39,\"Roll\":1},{\"Rune\":0,\"Stats\":\"DEF%\",\"Value\":10,\"Roll\":1},{\"Rune\":0,\"Stats\":\"DEF\",\"Value\":20,\"Roll\":0}]', 93, '2021-04-12 11:31:23', '2021-04-12 11:31:23', NULL),
(11, 1, 1, 'Boots', 'CriticalDamage', NULL, 'Epic', 5, 12, 'SPD', 26, '[{\"Rune\":3,\"Stats\":\"ATK%\",\"Value\":10,\"Roll\":1},{\"Rune\":0,\"Stats\":\"C.DMG\",\"Value\":10,\"Roll\":1},{\"Rune\":0,\"Stats\":\"C.RATE\",\"Value\":10,\"Roll\":1}]', 126, '2021-04-12 11:31:23', '2021-04-12 11:31:23', NULL),
(12, 1, 2, 'Weapon', 'Accuracy', NULL, 'Legendary', 5, 8, 'ATK', 104, '[{\"Rune\":0,\"Stats\":\"HP%\",\"Value\":10,\"Roll\":1},{\"Rune\":0,\"Stats\":\"RESI\",\"Value\":10,\"Roll\":0},{\"Rune\":0,\"Stats\":\"C.DMG\",\"Value\":9,\"Roll\":1},{\"Rune\":0,\"Stats\":\"SPD\",\"Value\":5,\"Roll\":0}]', 69, '2021-04-12 11:31:23', '2021-04-12 11:31:23', NULL),
(13, 1, 2, 'Helmet', 'Lifesteal', NULL, 'Epic', 5, 16, 'HP', 3480, '[{\"Rune\":0,\"Stats\":\"C.DMG\",\"Value\":9,\"Roll\":1},{\"Rune\":5,\"Stats\":\"DEF%\",\"Value\":9,\"Roll\":1},{\"Rune\":5,\"Stats\":\"HP%\",\"Value\":8,\"Roll\":1},{\"Rune\":5,\"Stats\":\"SPD\",\"Value\":5,\"Roll\":0}]', 113, '2021-04-12 11:31:17', '2021-04-12 11:31:17', NULL),
(14, 1, 2, 'Shield', 'Lifesteal', NULL, 'Epic', 4, 12, 'DEF', 120, '[{\"Rune\":0,\"Stats\":\"SPD\",\"Value\":4,\"Roll\":0},{\"Rune\":0,\"Stats\":\"HP%\",\"Value\":12,\"Roll\":2},{\"Rune\":0,\"Stats\":\"C.RATE\",\"Value\":9,\"Roll\":1}]', 61, '2021-04-12 11:31:17', '2021-04-12 11:31:17', NULL),
(15, 1, 2, 'Gauntlets', 'Lifesteal', NULL, 'Rare', 4, 8, 'C.RATE', 19, '[{\"Rune\":0,\"Stats\":\"ATK%\",\"Value\":13,\"Roll\":2},{\"Rune\":0,\"Stats\":\"C.DMG\",\"Value\":4,\"Roll\":0}]', 71, '2021-04-12 11:31:21', '2021-04-12 11:31:21', NULL),
(16, 1, 2, 'Chestplate', 'Accuracy', NULL, 'Rare', 5, 8, 'ACC', 38, '[{\"Rune\":0,\"Stats\":\"C.DMG\",\"Value\":10,\"Roll\":1},{\"Rune\":0,\"Stats\":\"HP%\",\"Value\":11,\"Roll\":1}]', 86, '2021-04-12 11:31:21', '2021-04-12 11:31:21', NULL),
(17, 1, 2, 'Boots', 'Lifesteal', NULL, 'Rare', 5, 8, 'SPD', 19, '[{\"Rune\":0,\"Stats\":\"C.DMG\",\"Value\":6,\"Roll\":0},{\"Rune\":0,\"Stats\":\"DEF%\",\"Value\":14,\"Roll\":2}]', 85, '2021-04-12 11:31:23', '2021-04-12 11:31:23', NULL),
(18, 1, 2, 'Ring', NULL, 'Orcs', 'Rare', 5, 8, 'DEF', 104, '[{\"Rune\":0,\"Stats\":\"HP%\",\"Value\":4,\"Roll\":0},{\"Rune\":0,\"Stats\":\"DEF%\",\"Value\":15,\"Roll\":2}]', 47, '2021-04-12 11:31:18', '2021-04-12 11:31:18', NULL),
(19, 1, 3, 'Weapon', 'Defense', NULL, 'Rare', 5, 12, 'ATK', 143, '[{\"Rune\":2,\"Stats\":\"HP%\",\"Value\":10,\"Roll\":1},{\"Rune\":1,\"Stats\":\"SPD\",\"Value\":8,\"Roll\":1},{\"Rune\":0,\"Stats\":\"C.DMG\",\"Value\":5,\"Roll\":0}]', 68, '2021-04-12 11:31:18', '2021-04-12 11:31:18', NULL),
(20, 1, 3, 'Helmet', 'Destroy', NULL, 'Epic', 4, 12, 'HP', 1800, '[{\"Rune\":0,\"Stats\":\"ATK%\",\"Value\":5,\"Roll\":0},{\"Rune\":0,\"Stats\":\"C.DMG\",\"Value\":4,\"Roll\":0},{\"Rune\":0,\"Stats\":\"C.RATE\",\"Value\":15,\"Roll\":3}]', 57, '2021-04-12 11:31:21', '2021-04-12 11:31:21', NULL),
(21, 1, 3, 'Shield', 'Destroy', NULL, 'Rare', 5, 12, 'DEF', 143, '[{\"Rune\":1,\"Stats\":\"SPD\",\"Value\":4,\"Roll\":0},{\"Rune\":0,\"Stats\":\"C.RATE\",\"Value\":13,\"Roll\":2},{\"Rune\":2,\"Stats\":\"ACC\",\"Value\":8,\"Roll\":0}]', 65, '2021-04-12 11:31:21', '2021-04-12 11:31:21', NULL),
(22, 1, 3, 'Gauntlets', 'Stalwart', NULL, 'Epic', 6, 16, 'C.RATE', 60, '[{\"Rune\":2,\"Stats\":\"DEF%\",\"Value\":5,\"Roll\":0},{\"Rune\":2,\"Stats\":\"ACC\",\"Value\":38,\"Roll\":3},{\"Rune\":0,\"Stats\":\"C.DMG\",\"Value\":6,\"Roll\":0},{\"Rune\":10,\"Stats\":\"ATK\",\"Value\":18,\"Roll\":0}]', 196, '2021-04-12 11:31:23', '2021-04-12 11:31:23', NULL),
(23, 1, 3, 'Chestplate', 'Destroy', NULL, 'Epic', 5, 12, 'RESI', 50, '[{\"Rune\":100,\"Stats\":\"HP\",\"Value\":717,\"Roll\":1},{\"Rune\":5,\"Stats\":\"DEF%\",\"Value\":9,\"Roll\":1},{\"Rune\":0,\"Stats\":\"C.RATE\",\"Value\":10,\"Roll\":1}]', 117, '2021-04-12 11:31:20', '2021-04-12 11:31:20', NULL),
(24, 1, 3, 'Boots', 'Destroy', NULL, 'Rare', 4, 12, 'HP%', 26, '[{\"Rune\":1,\"Stats\":\"SPD\",\"Value\":9,\"Roll\":2},{\"Rune\":0,\"Stats\":\"C.DMG\",\"Value\":4,\"Roll\":0},{\"Rune\":2,\"Stats\":\"ACC\",\"Value\":8,\"Roll\":0}]', 95, '2021-04-12 11:31:21', '2021-04-12 11:31:21', NULL),
(25, 1, 3, 'Ring', NULL, 'SacredOrder', 'Uncommon', 5, 12, 'DEF', 143, '[{\"Rune\":1,\"Stats\":\"DEF%\",\"Value\":11,\"Roll\":1},{\"Rune\":100,\"Stats\":\"HP\",\"Value\":312,\"Roll\":0},{\"Rune\":1,\"Stats\":\"HP%\",\"Value\":6,\"Roll\":0}]', 53, '2021-04-12 11:31:21', '2021-04-12 11:31:21', NULL),
(26, 1, 3, 'Amulet', NULL, 'SacredOrder', 'Epic', 5, 12, 'DEF', 143, '[{\"Rune\":0,\"Stats\":\"C.DMG\",\"Value\":10,\"Roll\":1},{\"Rune\":0,\"Stats\":\"ATK\",\"Value\":37,\"Roll\":1},{\"Rune\":150,\"Stats\":\"HP\",\"Value\":636,\"Roll\":1}]', 36, '2021-04-12 11:31:21', '2021-04-12 11:31:21', NULL),
(27, 1, 4, 'Weapon', 'Perception', NULL, 'Rare', 5, 12, 'ATK', 143, '[{\"Rune\":1,\"Stats\":\"SPD\",\"Value\":8,\"Roll\":1},{\"Rune\":9,\"Stats\":\"RESI\",\"Value\":17,\"Roll\":1},{\"Rune\":1,\"Stats\":\"HP%\",\"Value\":5,\"Roll\":0}]', 81, '2021-04-12 11:31:18', '2021-04-12 11:31:18', NULL),
(28, 1, 4, 'Helmet', 'Accuracy', NULL, 'Rare', 5, 12, 'HP', 2231, '[{\"Rune\":5,\"Stats\":\"RESI\",\"Value\":18,\"Roll\":1},{\"Rune\":0,\"Stats\":\"ATK\",\"Value\":39,\"Roll\":1},{\"Rune\":1,\"Stats\":\"HP%\",\"Value\":4,\"Roll\":0}]', 55, '2021-04-12 11:31:20', '2021-04-12 11:31:20', NULL),
(29, 1, 4, 'Shield', 'Accuracy', NULL, 'Rare', 5, 16, 'DEF', 225, '[{\"Rune\":0,\"Stats\":\"C.RATE\",\"Value\":4,\"Roll\":0},{\"Rune\":1,\"Stats\":\"DEF%\",\"Value\":15,\"Roll\":2},{\"Rune\":5,\"Stats\":\"ACC\",\"Value\":8,\"Roll\":0},{\"Rune\":0,\"Stats\":\"RESI\",\"Value\":10,\"Roll\":0}]', 90, '2021-04-12 11:31:20', '2021-04-12 11:31:20', NULL),
(30, 1, 4, 'Gauntlets', 'Speed', NULL, 'Rare', 4, 12, 'HP', 1800, '[{\"Rune\":1,\"Stats\":\"SPD\",\"Value\":11,\"Roll\":2},{\"Rune\":0,\"Stats\":\"C.DMG\",\"Value\":4,\"Roll\":0},{\"Rune\":0,\"Stats\":\"C.RATE\",\"Value\":3,\"Roll\":0}]', 50, '2021-04-12 11:31:17', '2021-04-12 11:31:17', NULL),
(31, 1, 4, 'Chestplate', 'Speed', NULL, 'Rare', 4, 12, 'ACC', 41, '[{\"Rune\":0,\"Stats\":\"C.DMG\",\"Value\":8,\"Roll\":1},{\"Rune\":0,\"Stats\":\"SPD\",\"Value\":8,\"Roll\":1},{\"Rune\":0,\"Stats\":\"DEF%\",\"Value\":5,\"Roll\":0}]', 92, '2021-04-12 11:31:17', '2021-04-12 11:31:17', NULL),
(32, 1, 4, 'Boots', 'Perception', NULL, 'Rare', 5, 16, 'SPD', 40, '[{\"Rune\":2,\"Stats\":\"DEF%\",\"Value\":14,\"Roll\":2},{\"Rune\":0,\"Stats\":\"ATK%\",\"Value\":5,\"Roll\":0},{\"Rune\":5,\"Stats\":\"DEF\",\"Value\":13,\"Roll\":0},{\"Rune\":0,\"Stats\":\"RESI\",\"Value\":10,\"Roll\":0}]', 157, '2021-04-12 11:31:21', '2021-04-12 11:31:21', NULL),
(33, 1, 4, 'Ring', NULL, 'KnightsRevenant', 'Uncommon', 5, 12, 'DEF', 143, '[{\"Rune\":1,\"Stats\":\"DEF%\",\"Value\":10,\"Roll\":1},{\"Rune\":100,\"Stats\":\"HP\",\"Value\":438,\"Roll\":0},{\"Rune\":0,\"Stats\":\"ATK\",\"Value\":16,\"Roll\":0}]', 39, '2021-04-12 11:31:20', '2021-04-12 11:31:20', NULL),
(34, 1, 4, 'Amulet', NULL, 'KnightsRevenant', 'Rare', 5, 13, 'C.DMG', 23, '[{\"Rune\":5,\"Stats\":\"ATK\",\"Value\":30,\"Roll\":1},{\"Rune\":2,\"Stats\":\"ACC\",\"Value\":18,\"Roll\":1},{\"Rune\":1,\"Stats\":\"RESI\",\"Value\":9,\"Roll\":0}]', 77, '2021-04-12 11:31:20', '2021-04-12 11:31:20', NULL),
(35, 1, 4, 'Banner', NULL, 'KnightsRevenant', 'Epic', 6, 16, 'ACC', 96, '[{\"Rune\":0,\"Stats\":\"HP\",\"Value\":1456,\"Roll\":3},{\"Rune\":0,\"Stats\":\"DEF%\",\"Value\":6,\"Roll\":0},{\"Rune\":0,\"Stats\":\"ATK%\",\"Value\":6,\"Roll\":0},{\"Rune\":0,\"Stats\":\"HP%\",\"Value\":5,\"Roll\":0}]', 163, '2021-04-12 11:31:23', '2021-04-12 11:31:23', NULL),
(36, 1, NULL, 'Weapon', 'Lifesteal', NULL, 'Epic', 4, 12, 'ATK', 120, '[{\"Rune\":0,\"Stats\":\"C.DMG\",\"Value\":5,\"Roll\":0},{\"Rune\":0,\"Stats\":\"ACC\",\"Value\":21,\"Roll\":2},{\"Rune\":0,\"Stats\":\"C.RATE\",\"Value\":8,\"Roll\":1}]', 60, '2021-04-12 11:31:18', '2021-04-12 11:31:18', NULL),
(37, 1, NULL, 'Gauntlets', 'Accuracy', NULL, 'Rare', 4, 0, 'C.DMG', 8, '[{\"Rune\":0,\"Stats\":\"SPD\",\"Value\":4,\"Roll\":0},{\"Rune\":0,\"Stats\":\"C.RATE\",\"Value\":4,\"Roll\":0}]', 30, '2021-04-12 11:31:21', '2021-04-12 11:31:21', NULL),
(38, 1, NULL, 'Helmet', 'Lifesteal', NULL, 'Rare', 5, 0, 'HP', 450, '[{\"Rune\":0,\"Stats\":\"HP%\",\"Value\":4,\"Roll\":0},{\"Rune\":0,\"Stats\":\"ATK\",\"Value\":13,\"Roll\":0}]', 12, '2021-04-12 11:31:23', '2021-04-12 11:31:23', NULL),
(39, 1, NULL, 'Helmet', 'Offense', NULL, 'Rare', 5, 0, 'HP', 450, '[{\"Rune\":0,\"Stats\":\"ATK%\",\"Value\":6,\"Roll\":0},{\"Rune\":0,\"Stats\":\"DEF%\",\"Value\":5,\"Roll\":0}]', 25, '2021-04-12 11:31:24', '2021-04-12 11:31:24', NULL),
(40, 1, NULL, 'Boots', 'Toxic', NULL, 'Rare', 5, 0, 'DEF%', 8, '[{\"Rune\":0,\"Stats\":\"ACC\",\"Value\":9,\"Roll\":0},{\"Rune\":0,\"Stats\":\"HP%\",\"Value\":6,\"Roll\":0}]', 40, '2021-04-12 11:31:18', '2021-04-12 11:31:18', NULL),
(41, 1, NULL, 'Shield', 'DivineSpeed', NULL, 'Rare', 5, 0, 'DEF', 25, '[{\"Rune\":0,\"Stats\":\"DEF%\",\"Value\":5,\"Roll\":0},{\"Rune\":0,\"Stats\":\"RESI\",\"Value\":9,\"Roll\":0}]', 24, '2021-04-12 11:31:20', '2021-04-12 11:31:20', NULL),
(42, 1, NULL, 'Helmet', 'Toxic', NULL, 'Epic', 5, 0, 'HP', 450, '[{\"Rune\":0,\"Stats\":\"HP%\",\"Value\":4,\"Roll\":0},{\"Rune\":0,\"Stats\":\"DEF\",\"Value\":21,\"Roll\":0},{\"Rune\":0,\"Stats\":\"RESI\",\"Value\":9,\"Roll\":0}]', 25, '2021-04-12 11:31:23', '2021-04-12 11:31:23', NULL),
(43, 1, NULL, 'Chestplate', 'Offense', NULL, 'Rare', 5, 0, 'RESI', 12, '[{\"Rune\":0,\"Stats\":\"ACC\",\"Value\":8,\"Roll\":0},{\"Rune\":0,\"Stats\":\"ATK\",\"Value\":13,\"Roll\":0}]', 26, '2021-04-12 11:31:24', '2021-04-12 11:31:24', NULL),
(44, 1, NULL, 'Chestplate', 'Daze', NULL, 'Epic', 5, 0, 'DEF%', 8, '[{\"Rune\":0,\"Stats\":\"HP\",\"Value\":246,\"Roll\":0},{\"Rune\":0,\"Stats\":\"DEF\",\"Value\":20,\"Roll\":0},{\"Rune\":0,\"Stats\":\"C.DMG\",\"Value\":5,\"Roll\":0}]', 27, '2021-04-12 11:31:18', '2021-04-12 11:31:18', NULL),
(45, 1, NULL, 'Shield', 'Retaliation', NULL, 'Rare', 5, 0, 'DEF', 25, '[{\"Rune\":0,\"Stats\":\"HP\",\"Value\":215,\"Roll\":0},{\"Rune\":0,\"Stats\":\"C.DMG\",\"Value\":5,\"Roll\":0}]', 11, '2021-04-12 11:31:20', '2021-04-12 11:31:20', NULL),
(46, 1, NULL, 'Weapon', 'Life', NULL, 'Rare', 5, 0, 'ATK', 25, '[{\"Rune\":0,\"Stats\":\"HP%\",\"Value\":4,\"Roll\":0},{\"Rune\":0,\"Stats\":\"ACC\",\"Value\":9,\"Roll\":0}]', 22, '2021-04-12 11:31:21', '2021-04-12 11:31:21', NULL),
(47, 1, NULL, 'Chestplate', 'Frost', NULL, 'Legendary', 4, 0, 'ATK%', 6, '[{\"Rune\":0,\"Stats\":\"DEF\",\"Value\":7,\"Roll\":0},{\"Rune\":0,\"Stats\":\"C.RATE\",\"Value\":3,\"Roll\":0},{\"Rune\":0,\"Stats\":\"ATK\",\"Value\":9,\"Roll\":0},{\"Rune\":0,\"Stats\":\"C.DMG\",\"Value\":4,\"Roll\":0}]', 27, '2021-04-12 11:31:23', '2021-04-12 11:31:23', NULL),
(48, 1, NULL, 'Shield', 'CriticalRate', NULL, 'Epic', 4, 0, 'DEF', 16, '[{\"Rune\":0,\"Stats\":\"ACC\",\"Value\":7,\"Roll\":0},{\"Rune\":0,\"Stats\":\"C.DMG\",\"Value\":4,\"Roll\":0},{\"Rune\":0,\"Stats\":\"HP\",\"Value\":278,\"Roll\":0}]', 19, '2021-04-12 11:31:24', '2021-04-12 11:31:24', NULL),
(49, 1, NULL, 'Gauntlets', 'Speed', NULL, 'Rare', 5, 0, 'C.DMG', 10, '[{\"Rune\":0,\"Stats\":\"ATK\",\"Value\":16,\"Roll\":0},{\"Rune\":0,\"Stats\":\"DEF\",\"Value\":18,\"Roll\":0}]', 18, '2021-04-12 11:31:18', '2021-04-12 11:31:18', NULL),
(50, 2, 10, 'Weapon', 'Cruel', NULL, 'Rare', 5, 12, 'ATK', 143, '[{\"Rune\":0,\"Stats\":\"C.DMG\",\"Value\":15,\"Roll\":2},{\"Rune\":175,\"Stats\":\"HP\",\"Value\":246,\"Roll\":0},{\"Rune\":0,\"Stats\":\"C.RATE\",\"Value\":5,\"Roll\":0}]', 48, '2021-04-12 11:31:21', '2021-04-12 11:31:21', NULL),
(51, 2, 10, 'Helmet', 'CriticalRate', NULL, 'Epic', 5, 12, 'HP', 2231, '[{\"Rune\":1,\"Stats\":\"SPD\",\"Value\":10,\"Roll\":1},{\"Rune\":0,\"Stats\":\"C.DMG\",\"Value\":4,\"Roll\":0},{\"Rune\":2,\"Stats\":\"ACC\",\"Value\":30,\"Roll\":2}]', 88, '2021-04-12 11:31:18', '2021-04-12 11:31:18', NULL),
(52, 2, 10, 'Shield', 'CriticalRate', NULL, 'Epic', 5, 12, 'DEF', 143, '[{\"Rune\":1,\"Stats\":\"SPD\",\"Value\":10,\"Roll\":1},{\"Rune\":0,\"Stats\":\"C.RATE\",\"Value\":10,\"Roll\":1},{\"Rune\":0,\"Stats\":\"C.DMG\",\"Value\":10,\"Roll\":1}]', 76, '2021-04-12 11:31:18', '2021-04-12 11:31:18', NULL),
(53, 2, 10, 'Gauntlets', 'CriticalDamage', NULL, 'Epic', 5, 12, 'C.DMG', 42, '[{\"Rune\":1,\"Stats\":\"SPD\",\"Value\":14,\"Roll\":2},{\"Rune\":2,\"Stats\":\"ACC\",\"Value\":9,\"Roll\":0},{\"Rune\":5,\"Stats\":\"ATK%\",\"Value\":12,\"Roll\":1}]', 151, '2021-04-12 11:31:20', '2021-04-12 11:31:20', NULL),
(54, 2, 10, 'Chestplate', 'CriticalDamage', NULL, 'Epic', 5, 12, 'HP%', 33, '[{\"Rune\":1,\"Stats\":\"SPD\",\"Value\":9,\"Roll\":1},{\"Rune\":0,\"Stats\":\"C.DMG\",\"Value\":9,\"Roll\":1},{\"Rune\":1,\"Stats\":\"DEF%\",\"Value\":9,\"Roll\":1}]', 125, '2021-04-12 11:31:20', '2021-04-12 11:31:20', NULL),
(55, 2, 10, 'Boots', 'Cruel', NULL, 'Epic', 5, 16, 'ATK%', 50, '[{\"Rune\":100,\"Stats\":\"HP\",\"Value\":848,\"Roll\":1},{\"Rune\":10,\"Stats\":\"ATK\",\"Value\":55,\"Roll\":2},{\"Rune\":0,\"Stats\":\"C.DMG\",\"Value\":4,\"Roll\":0},{\"Rune\":3,\"Stats\":\"ACC\",\"Value\":10,\"Roll\":0}]', 134, '2021-04-12 11:31:18', '2021-04-12 11:31:18', NULL),
(56, 2, 11, 'Weapon', 'Cruel', NULL, 'Epic', 4, 16, 'ATK', 190, '[{\"Rune\":2,\"Stats\":\"ACC\",\"Value\":7,\"Roll\":0},{\"Rune\":0,\"Stats\":\"C.RATE\",\"Value\":13,\"Roll\":2},{\"Rune\":2,\"Stats\":\"RESI\",\"Value\":15,\"Roll\":1},{\"Rune\":0,\"Stats\":\"HP%\",\"Value\":5,\"Roll\":0}]', 84, '2021-04-12 11:31:17', '2021-04-12 11:31:17', NULL),
(57, 2, 11, 'Helmet', 'CriticalDamage', NULL, 'Epic', 4, 12, 'HP', 1800, '[{\"Rune\":0,\"Stats\":\"C.DMG\",\"Value\":7,\"Roll\":1},{\"Rune\":0,\"Stats\":\"DEF\",\"Value\":13,\"Roll\":0},{\"Rune\":3,\"Stats\":\"ATK%\",\"Value\":10,\"Roll\":2}]', 48, '2021-04-12 11:31:23', '2021-04-12 11:31:23', NULL),
(58, 2, 11, 'Shield', 'Cruel', NULL, 'Epic', 4, 12, 'DEF', 120, '[{\"Rune\":0,\"Stats\":\"ACC\",\"Value\":29,\"Roll\":3},{\"Rune\":0,\"Stats\":\"C.RATE\",\"Value\":4,\"Roll\":0},{\"Rune\":0,\"Stats\":\"C.DMG\",\"Value\":4,\"Roll\":0}]', 61, '2021-04-12 11:31:21', '2021-04-12 11:31:21', NULL),
(59, 2, 11, 'Gauntlets', 'Accuracy', NULL, 'Legendary', 4, 12, 'C.RATE', 26, '[{\"Rune\":3,\"Stats\":\"ATK%\",\"Value\":5,\"Roll\":0},{\"Rune\":0,\"Stats\":\"HP\",\"Value\":482,\"Roll\":1},{\"Rune\":1,\"Stats\":\"SPD\",\"Value\":7,\"Roll\":1},{\"Rune\":0,\"Stats\":\"DEF%\",\"Value\":8,\"Roll\":1}]', 105, '2021-04-12 11:31:24', '2021-04-12 11:31:24', NULL),
(60, 2, 11, 'Chestplate', 'Accuracy', NULL, 'Rare', 5, 12, 'ATK%', 33, '[{\"Rune\":14,\"Stats\":\"ATK\",\"Value\":39,\"Roll\":1},{\"Rune\":0,\"Stats\":\"DEF%\",\"Value\":10,\"Roll\":1},{\"Rune\":0,\"Stats\":\"DEF\",\"Value\":20,\"Roll\":0}]', 93, '2021-04-12 11:31:23', '2021-04-12 11:31:23', NULL),
(61, 2, 11, 'Boots', 'CriticalDamage', NULL, 'Epic', 5, 12, 'SPD', 26, '[{\"Rune\":3,\"Stats\":\"ATK%\",\"Value\":10,\"Roll\":1},{\"Rune\":0,\"Stats\":\"C.DMG\",\"Value\":10,\"Roll\":1},{\"Rune\":0,\"Stats\":\"C.RATE\",\"Value\":10,\"Roll\":1}]', 126, '2021-04-12 11:31:23', '2021-04-12 11:31:23', NULL),
(62, 2, 12, 'Weapon', 'Accuracy', NULL, 'Legendary', 5, 8, 'ATK', 104, '[{\"Rune\":0,\"Stats\":\"HP%\",\"Value\":10,\"Roll\":1},{\"Rune\":0,\"Stats\":\"RESI\",\"Value\":10,\"Roll\":0},{\"Rune\":0,\"Stats\":\"C.DMG\",\"Value\":9,\"Roll\":1},{\"Rune\":0,\"Stats\":\"SPD\",\"Value\":5,\"Roll\":0}]', 69, '2021-04-12 11:31:23', '2021-04-12 11:31:23', NULL),
(63, 2, 12, 'Helmet', 'Lifesteal', NULL, 'Epic', 5, 16, 'HP', 3480, '[{\"Rune\":0,\"Stats\":\"C.DMG\",\"Value\":9,\"Roll\":1},{\"Rune\":5,\"Stats\":\"DEF%\",\"Value\":9,\"Roll\":1},{\"Rune\":5,\"Stats\":\"HP%\",\"Value\":8,\"Roll\":1},{\"Rune\":5,\"Stats\":\"SPD\",\"Value\":5,\"Roll\":0}]', 113, '2021-04-12 11:31:17', '2021-04-12 11:31:17', NULL),
(64, 2, 12, 'Shield', 'Lifesteal', NULL, 'Epic', 4, 12, 'DEF', 120, '[{\"Rune\":0,\"Stats\":\"SPD\",\"Value\":4,\"Roll\":0},{\"Rune\":0,\"Stats\":\"HP%\",\"Value\":12,\"Roll\":2},{\"Rune\":0,\"Stats\":\"C.RATE\",\"Value\":9,\"Roll\":1}]', 61, '2021-04-12 11:31:17', '2021-04-12 11:31:17', NULL),
(65, 2, 12, 'Gauntlets', 'Lifesteal', NULL, 'Rare', 4, 8, 'C.RATE', 19, '[{\"Rune\":0,\"Stats\":\"ATK%\",\"Value\":13,\"Roll\":2},{\"Rune\":0,\"Stats\":\"C.DMG\",\"Value\":4,\"Roll\":0}]', 71, '2021-04-12 11:31:21', '2021-04-12 11:31:21', NULL),
(66, 2, 12, 'Chestplate', 'Accuracy', NULL, 'Rare', 5, 8, 'ACC', 38, '[{\"Rune\":0,\"Stats\":\"C.DMG\",\"Value\":10,\"Roll\":1},{\"Rune\":0,\"Stats\":\"HP%\",\"Value\":11,\"Roll\":1}]', 86, '2021-04-12 11:31:21', '2021-04-12 11:31:21', NULL),
(67, 2, 12, 'Boots', 'Lifesteal', NULL, 'Rare', 5, 8, 'SPD', 19, '[{\"Rune\":0,\"Stats\":\"C.DMG\",\"Value\":6,\"Roll\":0},{\"Rune\":0,\"Stats\":\"DEF%\",\"Value\":14,\"Roll\":2}]', 85, '2021-04-12 11:31:23', '2021-04-12 11:31:23', NULL),
(68, 2, 12, 'Ring', NULL, 'Orcs', 'Rare', 5, 8, 'DEF', 104, '[{\"Rune\":0,\"Stats\":\"HP%\",\"Value\":4,\"Roll\":0},{\"Rune\":0,\"Stats\":\"DEF%\",\"Value\":15,\"Roll\":2}]', 47, '2021-04-12 11:31:18', '2021-04-12 11:31:18', NULL),
(69, 2, 13, 'Weapon', 'Defense', NULL, 'Rare', 5, 12, 'ATK', 143, '[{\"Rune\":2,\"Stats\":\"HP%\",\"Value\":10,\"Roll\":1},{\"Rune\":1,\"Stats\":\"SPD\",\"Value\":8,\"Roll\":1},{\"Rune\":0,\"Stats\":\"C.DMG\",\"Value\":5,\"Roll\":0}]', 68, '2021-04-12 11:31:18', '2021-04-12 11:31:18', NULL),
(70, 2, 13, 'Helmet', 'Destroy', NULL, 'Epic', 4, 12, 'HP', 1800, '[{\"Rune\":0,\"Stats\":\"ATK%\",\"Value\":5,\"Roll\":0},{\"Rune\":0,\"Stats\":\"C.DMG\",\"Value\":4,\"Roll\":0},{\"Rune\":0,\"Stats\":\"C.RATE\",\"Value\":15,\"Roll\":3}]', 57, '2021-04-12 11:31:21', '2021-04-12 11:31:21', NULL),
(71, 2, 13, 'Shield', 'Destroy', NULL, 'Rare', 5, 12, 'DEF', 143, '[{\"Rune\":1,\"Stats\":\"SPD\",\"Value\":4,\"Roll\":0},{\"Rune\":0,\"Stats\":\"C.RATE\",\"Value\":13,\"Roll\":2},{\"Rune\":2,\"Stats\":\"ACC\",\"Value\":8,\"Roll\":0}]', 65, '2021-04-12 11:31:21', '2021-04-12 11:31:21', NULL),
(72, 2, 13, 'Gauntlets', 'Stalwart', NULL, 'Epic', 6, 16, 'C.RATE', 60, '[{\"Rune\":2,\"Stats\":\"DEF%\",\"Value\":5,\"Roll\":0},{\"Rune\":2,\"Stats\":\"ACC\",\"Value\":38,\"Roll\":3},{\"Rune\":0,\"Stats\":\"C.DMG\",\"Value\":6,\"Roll\":0},{\"Rune\":10,\"Stats\":\"ATK\",\"Value\":18,\"Roll\":0}]', 196, '2021-04-12 11:31:23', '2021-04-12 11:31:23', NULL),
(73, 2, 13, 'Chestplate', 'Destroy', NULL, 'Epic', 5, 12, 'RESI', 50, '[{\"Rune\":100,\"Stats\":\"HP\",\"Value\":717,\"Roll\":1},{\"Rune\":5,\"Stats\":\"DEF%\",\"Value\":9,\"Roll\":1},{\"Rune\":0,\"Stats\":\"C.RATE\",\"Value\":10,\"Roll\":1}]', 117, '2021-04-12 11:31:20', '2021-04-12 11:31:20', NULL),
(74, 2, 13, 'Boots', 'Destroy', NULL, 'Rare', 4, 12, 'HP%', 26, '[{\"Rune\":1,\"Stats\":\"SPD\",\"Value\":9,\"Roll\":2},{\"Rune\":0,\"Stats\":\"C.DMG\",\"Value\":4,\"Roll\":0},{\"Rune\":2,\"Stats\":\"ACC\",\"Value\":8,\"Roll\":0}]', 95, '2021-04-12 11:31:21', '2021-04-12 11:31:21', NULL),
(75, 2, 13, 'Ring', NULL, 'SacredOrder', 'Uncommon', 5, 12, 'DEF', 143, '[{\"Rune\":1,\"Stats\":\"DEF%\",\"Value\":11,\"Roll\":1},{\"Rune\":100,\"Stats\":\"HP\",\"Value\":312,\"Roll\":0},{\"Rune\":1,\"Stats\":\"HP%\",\"Value\":6,\"Roll\":0}]', 53, '2021-04-12 11:31:21', '2021-04-12 11:31:21', NULL),
(76, 2, 13, 'Amulet', NULL, 'SacredOrder', 'Epic', 5, 12, 'DEF', 143, '[{\"Rune\":0,\"Stats\":\"C.DMG\",\"Value\":10,\"Roll\":1},{\"Rune\":0,\"Stats\":\"ATK\",\"Value\":37,\"Roll\":1},{\"Rune\":150,\"Stats\":\"HP\",\"Value\":636,\"Roll\":1}]', 36, '2021-04-12 11:31:21', '2021-04-12 11:31:21', NULL),
(77, 2, 14, 'Weapon', 'Perception', NULL, 'Rare', 5, 12, 'ATK', 143, '[{\"Rune\":1,\"Stats\":\"SPD\",\"Value\":8,\"Roll\":1},{\"Rune\":9,\"Stats\":\"RESI\",\"Value\":17,\"Roll\":1},{\"Rune\":1,\"Stats\":\"HP%\",\"Value\":5,\"Roll\":0}]', 81, '2021-04-12 11:31:18', '2021-04-12 11:31:18', NULL),
(78, 2, 14, 'Helmet', 'Accuracy', NULL, 'Rare', 5, 12, 'HP', 2231, '[{\"Rune\":5,\"Stats\":\"RESI\",\"Value\":18,\"Roll\":1},{\"Rune\":0,\"Stats\":\"ATK\",\"Value\":39,\"Roll\":1},{\"Rune\":1,\"Stats\":\"HP%\",\"Value\":4,\"Roll\":0}]', 55, '2021-04-12 11:31:20', '2021-04-12 11:31:20', NULL),
(79, 2, 14, 'Shield', 'Accuracy', NULL, 'Rare', 5, 16, 'DEF', 225, '[{\"Rune\":0,\"Stats\":\"C.RATE\",\"Value\":4,\"Roll\":0},{\"Rune\":1,\"Stats\":\"DEF%\",\"Value\":15,\"Roll\":2},{\"Rune\":5,\"Stats\":\"ACC\",\"Value\":8,\"Roll\":0},{\"Rune\":0,\"Stats\":\"RESI\",\"Value\":10,\"Roll\":0}]', 90, '2021-04-12 11:31:20', '2021-04-12 11:31:20', NULL),
(80, 2, 14, 'Gauntlets', 'Speed', NULL, 'Rare', 4, 12, 'HP', 1800, '[{\"Rune\":1,\"Stats\":\"SPD\",\"Value\":11,\"Roll\":2},{\"Rune\":0,\"Stats\":\"C.DMG\",\"Value\":4,\"Roll\":0},{\"Rune\":0,\"Stats\":\"C.RATE\",\"Value\":3,\"Roll\":0}]', 50, '2021-04-12 11:31:17', '2021-04-12 11:31:17', NULL),
(81, 2, 14, 'Chestplate', 'Speed', NULL, 'Rare', 4, 12, 'ACC', 41, '[{\"Rune\":0,\"Stats\":\"C.DMG\",\"Value\":8,\"Roll\":1},{\"Rune\":0,\"Stats\":\"SPD\",\"Value\":8,\"Roll\":1},{\"Rune\":0,\"Stats\":\"DEF%\",\"Value\":5,\"Roll\":0}]', 92, '2021-04-12 11:31:17', '2021-04-12 11:31:17', NULL),
(82, 2, 14, 'Boots', 'Perception', NULL, 'Rare', 5, 16, 'SPD', 40, '[{\"Rune\":2,\"Stats\":\"DEF%\",\"Value\":14,\"Roll\":2},{\"Rune\":0,\"Stats\":\"ATK%\",\"Value\":5,\"Roll\":0},{\"Rune\":5,\"Stats\":\"DEF\",\"Value\":13,\"Roll\":0},{\"Rune\":0,\"Stats\":\"RESI\",\"Value\":10,\"Roll\":0}]', 157, '2021-04-12 11:31:21', '2021-04-12 11:31:21', NULL),
(83, 2, 14, 'Ring', NULL, 'KnightsRevenant', 'Uncommon', 5, 12, 'DEF', 143, '[{\"Rune\":1,\"Stats\":\"DEF%\",\"Value\":10,\"Roll\":1},{\"Rune\":100,\"Stats\":\"HP\",\"Value\":438,\"Roll\":0},{\"Rune\":0,\"Stats\":\"ATK\",\"Value\":16,\"Roll\":0}]', 39, '2021-04-12 11:31:20', '2021-04-12 11:31:20', NULL),
(84, 2, 14, 'Amulet', NULL, 'KnightsRevenant', 'Rare', 5, 13, 'C.DMG', 23, '[{\"Rune\":5,\"Stats\":\"ATK\",\"Value\":30,\"Roll\":1},{\"Rune\":2,\"Stats\":\"ACC\",\"Value\":18,\"Roll\":1},{\"Rune\":1,\"Stats\":\"RESI\",\"Value\":9,\"Roll\":0}]', 77, '2021-04-12 11:31:20', '2021-04-12 11:31:20', NULL),
(85, 2, 14, 'Banner', NULL, 'KnightsRevenant', 'Epic', 6, 16, 'ACC', 96, '[{\"Rune\":0,\"Stats\":\"HP\",\"Value\":1456,\"Roll\":3},{\"Rune\":0,\"Stats\":\"DEF%\",\"Value\":6,\"Roll\":0},{\"Rune\":0,\"Stats\":\"ATK%\",\"Value\":6,\"Roll\":0},{\"Rune\":0,\"Stats\":\"HP%\",\"Value\":5,\"Roll\":0}]', 163, '2021-04-12 11:31:23', '2021-04-12 11:31:23', NULL),
(86, 2, NULL, 'Weapon', 'Lifesteal', NULL, 'Epic', 4, 12, 'ATK', 120, '[{\"Rune\":0,\"Stats\":\"C.DMG\",\"Value\":5,\"Roll\":0},{\"Rune\":0,\"Stats\":\"ACC\",\"Value\":21,\"Roll\":2},{\"Rune\":0,\"Stats\":\"C.RATE\",\"Value\":8,\"Roll\":1}]', 60, '2021-04-12 11:31:18', '2021-04-12 11:31:18', NULL),
(87, 2, NULL, 'Gauntlets', 'Accuracy', NULL, 'Rare', 4, 0, 'C.DMG', 8, '[{\"Rune\":0,\"Stats\":\"SPD\",\"Value\":4,\"Roll\":0},{\"Rune\":0,\"Stats\":\"C.RATE\",\"Value\":4,\"Roll\":0}]', 30, '2021-04-12 11:31:21', '2021-04-12 11:31:21', NULL),
(88, 2, NULL, 'Helmet', 'Lifesteal', NULL, 'Rare', 5, 0, 'HP', 450, '[{\"Rune\":0,\"Stats\":\"HP%\",\"Value\":4,\"Roll\":0},{\"Rune\":0,\"Stats\":\"ATK\",\"Value\":13,\"Roll\":0}]', 12, '2021-04-12 11:31:23', '2021-04-12 11:31:23', NULL),
(89, 2, NULL, 'Helmet', 'Offense', NULL, 'Rare', 5, 0, 'HP', 450, '[{\"Rune\":0,\"Stats\":\"ATK%\",\"Value\":6,\"Roll\":0},{\"Rune\":0,\"Stats\":\"DEF%\",\"Value\":5,\"Roll\":0}]', 25, '2021-04-12 11:31:24', '2021-04-12 11:31:24', NULL),
(90, 2, NULL, 'Boots', 'Toxic', NULL, 'Rare', 5, 0, 'DEF%', 8, '[{\"Rune\":0,\"Stats\":\"ACC\",\"Value\":9,\"Roll\":0},{\"Rune\":0,\"Stats\":\"HP%\",\"Value\":6,\"Roll\":0}]', 40, '2021-04-12 11:31:18', '2021-04-12 11:31:18', NULL),
(91, 2, NULL, 'Shield', 'DivineSpeed', NULL, 'Rare', 5, 0, 'DEF', 25, '[{\"Rune\":0,\"Stats\":\"DEF%\",\"Value\":5,\"Roll\":0},{\"Rune\":0,\"Stats\":\"RESI\",\"Value\":9,\"Roll\":0}]', 24, '2021-04-12 11:31:20', '2021-04-12 11:31:20', NULL),
(92, 2, NULL, 'Helmet', 'Toxic', NULL, 'Epic', 5, 0, 'HP', 450, '[{\"Rune\":0,\"Stats\":\"HP%\",\"Value\":4,\"Roll\":0},{\"Rune\":0,\"Stats\":\"DEF\",\"Value\":21,\"Roll\":0},{\"Rune\":0,\"Stats\":\"RESI\",\"Value\":9,\"Roll\":0}]', 25, '2021-04-12 11:31:23', '2021-04-12 11:31:23', NULL),
(93, 2, NULL, 'Chestplate', 'Offense', NULL, 'Rare', 5, 0, 'RESI', 12, '[{\"Rune\":0,\"Stats\":\"ACC\",\"Value\":8,\"Roll\":0},{\"Rune\":0,\"Stats\":\"ATK\",\"Value\":13,\"Roll\":0}]', 26, '2021-04-12 11:31:24', '2021-04-12 11:31:24', NULL),
(94, 2, NULL, 'Chestplate', 'Daze', NULL, 'Epic', 5, 0, 'DEF%', 8, '[{\"Rune\":0,\"Stats\":\"HP\",\"Value\":246,\"Roll\":0},{\"Rune\":0,\"Stats\":\"DEF\",\"Value\":20,\"Roll\":0},{\"Rune\":0,\"Stats\":\"C.DMG\",\"Value\":5,\"Roll\":0}]', 27, '2021-04-12 11:31:18', '2021-04-12 11:31:18', NULL),
(95, 2, NULL, 'Shield', 'Retaliation', NULL, 'Rare', 5, 0, 'DEF', 25, '[{\"Rune\":0,\"Stats\":\"HP\",\"Value\":215,\"Roll\":0},{\"Rune\":0,\"Stats\":\"C.DMG\",\"Value\":5,\"Roll\":0}]', 11, '2021-04-12 11:31:20', '2021-04-12 11:31:20', NULL),
(96, 2, NULL, 'Weapon', 'Life', NULL, 'Rare', 5, 0, 'ATK', 25, '[{\"Rune\":0,\"Stats\":\"HP%\",\"Value\":4,\"Roll\":0},{\"Rune\":0,\"Stats\":\"ACC\",\"Value\":9,\"Roll\":0}]', 22, '2021-04-12 11:31:21', '2021-04-12 11:31:21', NULL),
(97, 2, NULL, 'Chestplate', 'Frost', NULL, 'Legendary', 4, 0, 'ATK%', 6, '[{\"Rune\":0,\"Stats\":\"DEF\",\"Value\":7,\"Roll\":0},{\"Rune\":0,\"Stats\":\"C.RATE\",\"Value\":3,\"Roll\":0},{\"Rune\":0,\"Stats\":\"ATK\",\"Value\":9,\"Roll\":0},{\"Rune\":0,\"Stats\":\"C.DMG\",\"Value\":4,\"Roll\":0}]', 27, '2021-04-12 11:31:23', '2021-04-12 11:31:23', NULL),
(98, 2, NULL, 'Shield', 'CriticalRate', NULL, 'Epic', 4, 0, 'DEF', 16, '[{\"Rune\":0,\"Stats\":\"ACC\",\"Value\":7,\"Roll\":0},{\"Rune\":0,\"Stats\":\"C.DMG\",\"Value\":4,\"Roll\":0},{\"Rune\":0,\"Stats\":\"HP\",\"Value\":278,\"Roll\":0}]', 19, '2021-04-12 11:31:24', '2021-04-12 11:31:24', NULL),
(99, 2, NULL, 'Gauntlets', 'Speed', NULL, 'Rare', 5, 0, 'C.DMG', 10, '[{\"Rune\":0,\"Stats\":\"ATK\",\"Value\":16,\"Roll\":0},{\"Rune\":0,\"Stats\":\"DEF\",\"Value\":18,\"Roll\":0}]', 18, '2021-04-12 11:31:18', '2021-04-12 11:31:18', NULL),
(100, 3, 20, 'Weapon', 'Cruel', NULL, 'Rare', 5, 12, 'ATK', 143, '[{\"Rune\":0,\"Stats\":\"C.DMG\",\"Value\":15,\"Roll\":2},{\"Rune\":175,\"Stats\":\"HP\",\"Value\":246,\"Roll\":0},{\"Rune\":0,\"Stats\":\"C.RATE\",\"Value\":5,\"Roll\":0}]', 48, '2021-04-12 11:31:21', '2021-04-12 11:31:21', '2021-04-12 11:31:18'),
(101, 3, 20, 'Helmet', 'CriticalRate', NULL, 'Epic', 5, 12, 'HP', 2231, '[{\"Rune\":1,\"Stats\":\"SPD\",\"Value\":10,\"Roll\":1},{\"Rune\":0,\"Stats\":\"C.DMG\",\"Value\":4,\"Roll\":0},{\"Rune\":2,\"Stats\":\"ACC\",\"Value\":30,\"Roll\":2}]', 88, '2021-04-12 11:31:18', '2021-04-12 11:31:18', '2021-04-12 11:31:18'),
(102, 3, 20, 'Shield', 'CriticalRate', NULL, 'Epic', 5, 12, 'DEF', 143, '[{\"Rune\":1,\"Stats\":\"SPD\",\"Value\":10,\"Roll\":1},{\"Rune\":0,\"Stats\":\"C.RATE\",\"Value\":10,\"Roll\":1},{\"Rune\":0,\"Stats\":\"C.DMG\",\"Value\":10,\"Roll\":1}]', 76, '2021-04-12 11:31:18', '2021-04-12 11:31:18', '2021-04-12 11:31:18'),
(103, 3, 20, 'Gauntlets', 'CriticalDamage', NULL, 'Epic', 5, 12, 'C.DMG', 42, '[{\"Rune\":1,\"Stats\":\"SPD\",\"Value\":14,\"Roll\":2},{\"Rune\":2,\"Stats\":\"ACC\",\"Value\":9,\"Roll\":0},{\"Rune\":5,\"Stats\":\"ATK%\",\"Value\":12,\"Roll\":1}]', 151, '2021-04-12 11:31:20', '2021-04-12 11:31:20', '2021-04-12 11:31:18'),
(104, 3, 20, 'Chestplate', 'CriticalDamage', NULL, 'Epic', 5, 12, 'HP%', 33, '[{\"Rune\":1,\"Stats\":\"SPD\",\"Value\":9,\"Roll\":1},{\"Rune\":0,\"Stats\":\"C.DMG\",\"Value\":9,\"Roll\":1},{\"Rune\":1,\"Stats\":\"DEF%\",\"Value\":9,\"Roll\":1}]', 125, '2021-04-12 11:31:20', '2021-04-12 11:31:20', '2021-04-12 11:31:18'),
(105, 3, 20, 'Boots', 'Cruel', NULL, 'Epic', 5, 16, 'ATK%', 50, '[{\"Rune\":100,\"Stats\":\"HP\",\"Value\":848,\"Roll\":1},{\"Rune\":10,\"Stats\":\"ATK\",\"Value\":55,\"Roll\":2},{\"Rune\":0,\"Stats\":\"C.DMG\",\"Value\":4,\"Roll\":0},{\"Rune\":3,\"Stats\":\"ACC\",\"Value\":10,\"Roll\":0}]', 134, '2021-04-12 11:31:18', '2021-04-12 11:31:18', '2021-04-12 11:31:18'),
(106, 3, 21, 'Weapon', 'Cruel', NULL, 'Epic', 4, 16, 'ATK', 190, '[{\"Rune\":2,\"Stats\":\"ACC\",\"Value\":7,\"Roll\":0},{\"Rune\":0,\"Stats\":\"C.RATE\",\"Value\":13,\"Roll\":2},{\"Rune\":2,\"Stats\":\"RESI\",\"Value\":15,\"Roll\":1},{\"Rune\":0,\"Stats\":\"HP%\",\"Value\":5,\"Roll\":0}]', 84, '2021-04-12 11:31:17', '2021-04-12 11:31:17', '2021-04-12 11:31:18'),
(107, 3, 21, 'Helmet', 'CriticalDamage', NULL, 'Epic', 4, 12, 'HP', 1800, '[{\"Rune\":0,\"Stats\":\"C.DMG\",\"Value\":7,\"Roll\":1},{\"Rune\":0,\"Stats\":\"DEF\",\"Value\":13,\"Roll\":0},{\"Rune\":3,\"Stats\":\"ATK%\",\"Value\":10,\"Roll\":2}]', 48, '2021-04-12 11:31:23', '2021-04-12 11:31:23', '2021-04-12 11:31:18'),
(108, 3, 21, 'Shield', 'Cruel', NULL, 'Epic', 4, 12, 'DEF', 120, '[{\"Rune\":0,\"Stats\":\"ACC\",\"Value\":29,\"Roll\":3},{\"Rune\":0,\"Stats\":\"C.RATE\",\"Value\":4,\"Roll\":0},{\"Rune\":0,\"Stats\":\"C.DMG\",\"Value\":4,\"Roll\":0}]', 61, '2021-04-12 11:31:21', '2021-04-12 11:31:21', '2021-04-12 11:31:18'),
(109, 3, 21, 'Gauntlets', 'Accuracy', NULL, 'Legendary', 4, 12, 'C.RATE', 26, '[{\"Rune\":3,\"Stats\":\"ATK%\",\"Value\":5,\"Roll\":0},{\"Rune\":0,\"Stats\":\"HP\",\"Value\":482,\"Roll\":1},{\"Rune\":1,\"Stats\":\"SPD\",\"Value\":7,\"Roll\":1},{\"Rune\":0,\"Stats\":\"DEF%\",\"Value\":8,\"Roll\":1}]', 105, '2021-04-12 11:31:24', '2021-04-12 11:31:24', '2021-04-12 11:31:18'),
(110, 3, 21, 'Chestplate', 'Accuracy', NULL, 'Rare', 5, 12, 'ATK%', 33, '[{\"Rune\":14,\"Stats\":\"ATK\",\"Value\":39,\"Roll\":1},{\"Rune\":0,\"Stats\":\"DEF%\",\"Value\":10,\"Roll\":1},{\"Rune\":0,\"Stats\":\"DEF\",\"Value\":20,\"Roll\":0}]', 93, '2021-04-12 11:31:23', '2021-04-12 11:31:23', '2021-04-12 11:31:18'),
(111, 3, 21, 'Boots', 'CriticalDamage', NULL, 'Epic', 5, 12, 'SPD', 26, '[{\"Rune\":3,\"Stats\":\"ATK%\",\"Value\":10,\"Roll\":1},{\"Rune\":0,\"Stats\":\"C.DMG\",\"Value\":10,\"Roll\":1},{\"Rune\":0,\"Stats\":\"C.RATE\",\"Value\":10,\"Roll\":1}]', 126, '2021-04-12 11:31:23', '2021-04-12 11:31:23', '2021-04-12 11:31:18'),
(112, 3, 22, 'Weapon', 'Accuracy', NULL, 'Legendary', 5, 8, 'ATK', 104, '[{\"Rune\":0,\"Stats\":\"HP%\",\"Value\":10,\"Roll\":1},{\"Rune\":0,\"Stats\":\"RESI\",\"Value\":10,\"Roll\":0},{\"Rune\":0,\"Stats\":\"C.DMG\",\"Value\":9,\"Roll\":1},{\"Rune\":0,\"Stats\":\"SPD\",\"Value\":5,\"Roll\":0}]', 69, '2021-04-12 11:31:23', '2021-04-12 11:31:23', '2021-04-12 11:31:18'),
(113, 3, 22, 'Helmet', 'Lifesteal', NULL, 'Epic', 5, 16, 'HP', 3480, '[{\"Rune\":0,\"Stats\":\"C.DMG\",\"Value\":9,\"Roll\":1},{\"Rune\":5,\"Stats\":\"DEF%\",\"Value\":9,\"Roll\":1},{\"Rune\":5,\"Stats\":\"HP%\",\"Value\":8,\"Roll\":1},{\"Rune\":5,\"Stats\":\"SPD\",\"Value\":5,\"Roll\":0}]', 113, '2021-04-12 11:31:17', '2021-04-12 11:31:17', '2021-04-12 11:31:18'),
(114, 3, 22, 'Shield', 'Lifesteal', NULL, 'Epic', 4, 12, 'DEF', 120, '[{\"Rune\":0,\"Stats\":\"SPD\",\"Value\":4,\"Roll\":0},{\"Rune\":0,\"Stats\":\"HP%\",\"Value\":12,\"Roll\":2},{\"Rune\":0,\"Stats\":\"C.RATE\",\"Value\":9,\"Roll\":1}]', 61, '2021-04-12 11:31:17', '2021-04-12 11:31:17', '2021-04-12 11:31:18'),
(115, 3, 22, 'Gauntlets', 'Lifesteal', NULL, 'Rare', 4, 8, 'C.RATE', 19, '[{\"Rune\":0,\"Stats\":\"ATK%\",\"Value\":13,\"Roll\":2},{\"Rune\":0,\"Stats\":\"C.DMG\",\"Value\":4,\"Roll\":0}]', 71, '2021-04-12 11:31:21', '2021-04-12 11:31:21', '2021-04-12 11:31:18'),
(116, 3, 22, 'Chestplate', 'Accuracy', NULL, 'Rare', 5, 8, 'ACC', 38, '[{\"Rune\":0,\"Stats\":\"C.DMG\",\"Value\":10,\"Roll\":1},{\"Rune\":0,\"Stats\":\"HP%\",\"Value\":11,\"Roll\":1}]', 86, '2021-04-12 11:31:21', '2021-04-12 11:31:21', '2021-04-12 11:31:18'),
(117, 3, 22, 'Boots', 'Lifesteal', NULL, 'Rare', 5, 8, 'SPD', 19, '[{\"Rune\":0,\"Stats\":\"C.DMG\",\"Value\":6,\"Roll\":0},{\"Rune\":0,\"Stats\":\"DEF%\",\"Value\":14,\"Roll\":2}]', 85, '2021-04-12 11:31:23', '2021-04-12 11:31:23', '2021-04-12 11:31:18'),
(118, 3, 22, 'Ring', NULL, 'Orcs', 'Rare', 5, 8, 'DEF', 104, '[{\"Rune\":0,\"Stats\":\"HP%\",\"Value\":4,\"Roll\":0},{\"Rune\":0,\"Stats\":\"DEF%\",\"Value\":15,\"Roll\":2}]', 47, '2021-04-12 11:31:18', '2021-04-12 11:31:18', '2021-04-12 11:31:18'),
(119, 3, 23, 'Weapon', 'Defense', NULL, 'Rare', 5, 12, 'ATK', 143, '[{\"Rune\":2,\"Stats\":\"HP%\",\"Value\":10,\"Roll\":1},{\"Rune\":1,\"Stats\":\"SPD\",\"Value\":8,\"Roll\":1},{\"Rune\":0,\"Stats\":\"C.DMG\",\"Value\":5,\"Roll\":0}]', 68, '2021-04-12 11:31:18', '2021-04-12 11:31:18', '2021-04-12 11:31:18'),
(120, 3, 23, 'Helmet', 'Destroy', NULL, 'Epic', 4, 12, 'HP', 1800, '[{\"Rune\":0,\"Stats\":\"ATK%\",\"Value\":5,\"Roll\":0},{\"Rune\":0,\"Stats\":\"C.DMG\",\"Value\":4,\"Roll\":0},{\"Rune\":0,\"Stats\":\"C.RATE\",\"Value\":15,\"Roll\":3}]', 57, '2021-04-12 11:31:21', '2021-04-12 11:31:21', '2021-04-12 11:31:18'),
(121, 3, 23, 'Shield', 'Destroy', NULL, 'Rare', 5, 12, 'DEF', 143, '[{\"Rune\":1,\"Stats\":\"SPD\",\"Value\":4,\"Roll\":0},{\"Rune\":0,\"Stats\":\"C.RATE\",\"Value\":13,\"Roll\":2},{\"Rune\":2,\"Stats\":\"ACC\",\"Value\":8,\"Roll\":0}]', 65, '2021-04-12 11:31:21', '2021-04-12 11:31:21', '2021-04-12 11:31:18'),
(122, 3, 23, 'Gauntlets', 'Stalwart', NULL, 'Epic', 6, 16, 'C.RATE', 60, '[{\"Rune\":2,\"Stats\":\"DEF%\",\"Value\":5,\"Roll\":0},{\"Rune\":2,\"Stats\":\"ACC\",\"Value\":38,\"Roll\":3},{\"Rune\":0,\"Stats\":\"C.DMG\",\"Value\":6,\"Roll\":0},{\"Rune\":10,\"Stats\":\"ATK\",\"Value\":18,\"Roll\":0}]', 196, '2021-04-12 11:31:23', '2021-04-12 11:31:23', '2021-04-12 11:31:18'),
(123, 3, 23, 'Chestplate', 'Destroy', NULL, 'Epic', 5, 12, 'RESI', 50, '[{\"Rune\":100,\"Stats\":\"HP\",\"Value\":717,\"Roll\":1},{\"Rune\":5,\"Stats\":\"DEF%\",\"Value\":9,\"Roll\":1},{\"Rune\":0,\"Stats\":\"C.RATE\",\"Value\":10,\"Roll\":1}]', 117, '2021-04-12 11:31:20', '2021-04-12 11:31:20', '2021-04-12 11:31:18'),
(124, 3, 23, 'Boots', 'Destroy', NULL, 'Rare', 4, 12, 'HP%', 26, '[{\"Rune\":1,\"Stats\":\"SPD\",\"Value\":9,\"Roll\":2},{\"Rune\":0,\"Stats\":\"C.DMG\",\"Value\":4,\"Roll\":0},{\"Rune\":2,\"Stats\":\"ACC\",\"Value\":8,\"Roll\":0}]', 95, '2021-04-12 11:31:21', '2021-04-12 11:31:21', '2021-04-12 11:31:18'),
(125, 3, 23, 'Ring', NULL, 'SacredOrder', 'Uncommon', 5, 12, 'DEF', 143, '[{\"Rune\":1,\"Stats\":\"DEF%\",\"Value\":11,\"Roll\":1},{\"Rune\":100,\"Stats\":\"HP\",\"Value\":312,\"Roll\":0},{\"Rune\":1,\"Stats\":\"HP%\",\"Value\":6,\"Roll\":0}]', 53, '2021-04-12 11:31:21', '2021-04-12 11:31:21', '2021-04-12 11:31:18'),
(126, 3, 23, 'Amulet', NULL, 'SacredOrder', 'Epic', 5, 12, 'DEF', 143, '[{\"Rune\":0,\"Stats\":\"C.DMG\",\"Value\":10,\"Roll\":1},{\"Rune\":0,\"Stats\":\"ATK\",\"Value\":37,\"Roll\":1},{\"Rune\":150,\"Stats\":\"HP\",\"Value\":636,\"Roll\":1}]', 36, '2021-04-12 11:31:21', '2021-04-12 11:31:21', '2021-04-12 11:31:18'),
(127, 3, 24, 'Weapon', 'Perception', NULL, 'Rare', 5, 12, 'ATK', 143, '[{\"Rune\":1,\"Stats\":\"SPD\",\"Value\":8,\"Roll\":1},{\"Rune\":9,\"Stats\":\"RESI\",\"Value\":17,\"Roll\":1},{\"Rune\":1,\"Stats\":\"HP%\",\"Value\":5,\"Roll\":0}]', 81, '2021-04-12 11:31:18', '2021-04-12 11:31:18', '2021-04-12 11:31:18'),
(128, 3, 24, 'Helmet', 'Accuracy', NULL, 'Rare', 5, 12, 'HP', 2231, '[{\"Rune\":5,\"Stats\":\"RESI\",\"Value\":18,\"Roll\":1},{\"Rune\":0,\"Stats\":\"ATK\",\"Value\":39,\"Roll\":1},{\"Rune\":1,\"Stats\":\"HP%\",\"Value\":4,\"Roll\":0}]', 55, '2021-04-12 11:31:20', '2021-04-12 11:31:20', '2021-04-12 11:31:18'),
(129, 3, 24, 'Shield', 'Accuracy', NULL, 'Rare', 5, 16, 'DEF', 225, '[{\"Rune\":0,\"Stats\":\"C.RATE\",\"Value\":4,\"Roll\":0},{\"Rune\":1,\"Stats\":\"DEF%\",\"Value\":15,\"Roll\":2},{\"Rune\":5,\"Stats\":\"ACC\",\"Value\":8,\"Roll\":0},{\"Rune\":0,\"Stats\":\"RESI\",\"Value\":10,\"Roll\":0}]', 90, '2021-04-12 11:31:20', '2021-04-12 11:31:20', '2021-04-12 11:31:18'),
(130, 3, 24, 'Gauntlets', 'Speed', NULL, 'Rare', 4, 12, 'HP', 1800, '[{\"Rune\":1,\"Stats\":\"SPD\",\"Value\":11,\"Roll\":2},{\"Rune\":0,\"Stats\":\"C.DMG\",\"Value\":4,\"Roll\":0},{\"Rune\":0,\"Stats\":\"C.RATE\",\"Value\":3,\"Roll\":0}]', 50, '2021-04-12 11:31:17', '2021-04-12 11:31:17', '2021-04-12 11:31:18'),
(131, 3, 24, 'Chestplate', 'Speed', NULL, 'Rare', 4, 12, 'ACC', 41, '[{\"Rune\":0,\"Stats\":\"C.DMG\",\"Value\":8,\"Roll\":1},{\"Rune\":0,\"Stats\":\"SPD\",\"Value\":8,\"Roll\":1},{\"Rune\":0,\"Stats\":\"DEF%\",\"Value\":5,\"Roll\":0}]', 92, '2021-04-12 11:31:17', '2021-04-12 11:31:17', '2021-04-12 11:31:18'),
(132, 3, 24, 'Boots', 'Perception', NULL, 'Rare', 5, 16, 'SPD', 40, '[{\"Rune\":2,\"Stats\":\"DEF%\",\"Value\":14,\"Roll\":2},{\"Rune\":0,\"Stats\":\"ATK%\",\"Value\":5,\"Roll\":0},{\"Rune\":5,\"Stats\":\"DEF\",\"Value\":13,\"Roll\":0},{\"Rune\":0,\"Stats\":\"RESI\",\"Value\":10,\"Roll\":0}]', 157, '2021-04-12 11:31:21', '2021-04-12 11:31:21', '2021-04-12 11:31:18'),
(133, 3, 24, 'Ring', NULL, 'KnightsRevenant', 'Uncommon', 5, 12, 'DEF', 143, '[{\"Rune\":1,\"Stats\":\"DEF%\",\"Value\":10,\"Roll\":1},{\"Rune\":100,\"Stats\":\"HP\",\"Value\":438,\"Roll\":0},{\"Rune\":0,\"Stats\":\"ATK\",\"Value\":16,\"Roll\":0}]', 39, '2021-04-12 11:31:20', '2021-04-12 11:31:20', '2021-04-12 11:31:18'),
(134, 3, 24, 'Amulet', NULL, 'KnightsRevenant', 'Rare', 5, 13, 'C.DMG', 23, '[{\"Rune\":5,\"Stats\":\"ATK\",\"Value\":30,\"Roll\":1},{\"Rune\":2,\"Stats\":\"ACC\",\"Value\":18,\"Roll\":1},{\"Rune\":1,\"Stats\":\"RESI\",\"Value\":9,\"Roll\":0}]', 77, '2021-04-12 11:31:20', '2021-04-12 11:31:20', '2021-04-12 11:31:18'),
(135, 3, 24, 'Banner', NULL, 'KnightsRevenant', 'Epic', 6, 16, 'ACC', 96, '[{\"Rune\":0,\"Stats\":\"HP\",\"Value\":1456,\"Roll\":3},{\"Rune\":0,\"Stats\":\"DEF%\",\"Value\":6,\"Roll\":0},{\"Rune\":0,\"Stats\":\"ATK%\",\"Value\":6,\"Roll\":0},{\"Rune\":0,\"Stats\":\"HP%\",\"Value\":5,\"Roll\":0}]', 163, '2021-04-12 11:31:23', '2021-04-12 11:31:23', '2021-04-12 11:31:18'),
(136, 3, NULL, 'Weapon', 'Lifesteal', NULL, 'Epic', 4, 12, 'ATK', 120, '[{\"Rune\":0,\"Stats\":\"C.DMG\",\"Value\":5,\"Roll\":0},{\"Rune\":0,\"Stats\":\"ACC\",\"Value\":21,\"Roll\":2},{\"Rune\":0,\"Stats\":\"C.RATE\",\"Value\":8,\"Roll\":1}]', 60, '2021-04-12 11:31:18', '2021-04-12 11:31:18', '2021-04-12 11:31:18'),
(137, 3, NULL, 'Gauntlets', 'Accuracy', NULL, 'Rare', 4, 0, 'C.DMG', 8, '[{\"Rune\":0,\"Stats\":\"SPD\",\"Value\":4,\"Roll\":0},{\"Rune\":0,\"Stats\":\"C.RATE\",\"Value\":4,\"Roll\":0}]', 30, '2021-04-12 11:31:21', '2021-04-12 11:31:21', '2021-04-12 11:31:18'),
(138, 3, NULL, 'Helmet', 'Lifesteal', NULL, 'Rare', 5, 0, 'HP', 450, '[{\"Rune\":0,\"Stats\":\"HP%\",\"Value\":4,\"Roll\":0},{\"Rune\":0,\"Stats\":\"ATK\",\"Value\":13,\"Roll\":0}]', 12, '2021-04-12 11:31:23', '2021-04-12 11:31:23', '2021-04-12 11:31:18'),
(139, 3, NULL, 'Helmet', 'Offense', NULL, 'Rare', 5, 0, 'HP', 450, '[{\"Rune\":0,\"Stats\":\"ATK%\",\"Value\":6,\"Roll\":0},{\"Rune\":0,\"Stats\":\"DEF%\",\"Value\":5,\"Roll\":0}]', 25, '2021-04-12 11:31:24', '2021-04-12 11:31:24', '2021-04-12 11:31:18'),
(140, 3, NULL, 'Boots', 'Toxic', NULL, 'Rare', 5, 0, 'DEF%', 8, '[{\"Rune\":0,\"Stats\":\"ACC\",\"Value\":9,\"Roll\":0},{\"Rune\":0,\"Stats\":\"HP%\",\"Value\":6,\"Roll\":0}]', 40, '2021-04-12 11:31:18', '2021-04-12 11:31:18', '2021-04-12 11:31:18'),
(141, 3, NULL, 'Shield', 'DivineSpeed', NULL, 'Rare', 5, 0, 'DEF', 25, '[{\"Rune\":0,\"Stats\":\"DEF%\",\"Value\":5,\"Roll\":0},{\"Rune\":0,\"Stats\":\"RESI\",\"Value\":9,\"Roll\":0}]', 24, '2021-04-12 11:31:20', '2021-04-12 11:31:20', '2021-04-12 11:31:18'),
(142, 3, NULL, 'Helmet', 'Toxic', NULL, 'Epic', 5, 0, 'HP', 450, '[{\"Rune\":0,\"Stats\":\"HP%\",\"Value\":4,\"Roll\":0},{\"Rune\":0,\"Stats\":\"DEF\",\"Value\":21,\"Roll\":0},{\"Rune\":0,\"Stats\":\"RESI\",\"Value\":9,\"Roll\":0}]', 25, '2021-04-12 11:31:23', '2021-04-12 11:31:23', '2021-04-12 11:31:18'),
(143, 3, NULL, 'Chestplate', 'Offense', NULL, 'Rare', 5, 0, 'RESI', 12, '[{\"Rune\":0,\"Stats\":\"ACC\",\"Value\":8,\"Roll\":0},{\"Rune\":0,\"Stats\":\"ATK\",\"Value\":13,\"Roll\":0}]', 26, '2021-04-12 11:31:24', '2021-04-12 11:31:24', '2021-04-12 11:31:18'),
(144, 3, NULL, 'Chestplate', 'Daze', NULL, 'Epic', 5, 0, 'DEF%', 8, '[{\"Rune\":0,\"Stats\":\"HP\",\"Value\":246,\"Roll\":0},{\"Rune\":0,\"Stats\":\"DEF\",\"Value\":20,\"Roll\":0},{\"Rune\":0,\"Stats\":\"C.DMG\",\"Value\":5,\"Roll\":0}]', 27, '2021-04-12 11:31:18', '2021-04-12 11:31:18', '2021-04-12 11:31:18'),
(145, 3, NULL, 'Shield', 'Retaliation', NULL, 'Rare', 5, 0, 'DEF', 25, '[{\"Rune\":0,\"Stats\":\"HP\",\"Value\":215,\"Roll\":0},{\"Rune\":0,\"Stats\":\"C.DMG\",\"Value\":5,\"Roll\":0}]', 11, '2021-04-12 11:31:20', '2021-04-12 11:31:20', '2021-04-12 11:31:18'),
(146, 3, NULL, 'Weapon', 'Life', NULL, 'Rare', 5, 0, 'ATK', 25, '[{\"Rune\":0,\"Stats\":\"HP%\",\"Value\":4,\"Roll\":0},{\"Rune\":0,\"Stats\":\"ACC\",\"Value\":9,\"Roll\":0}]', 22, '2021-04-12 11:31:21', '2021-04-12 11:31:21', '2021-04-12 11:31:18'),
(147, 3, NULL, 'Chestplate', 'Frost', NULL, 'Legendary', 4, 0, 'ATK%', 6, '[{\"Rune\":0,\"Stats\":\"DEF\",\"Value\":7,\"Roll\":0},{\"Rune\":0,\"Stats\":\"C.RATE\",\"Value\":3,\"Roll\":0},{\"Rune\":0,\"Stats\":\"ATK\",\"Value\":9,\"Roll\":0},{\"Rune\":0,\"Stats\":\"C.DMG\",\"Value\":4,\"Roll\":0}]', 27, '2021-04-12 11:31:23', '2021-04-12 11:31:23', '2021-04-12 11:31:18'),
(148, 3, NULL, 'Shield', 'CriticalRate', NULL, 'Epic', 4, 0, 'DEF', 16, '[{\"Rune\":0,\"Stats\":\"ACC\",\"Value\":7,\"Roll\":0},{\"Rune\":0,\"Stats\":\"C.DMG\",\"Value\":4,\"Roll\":0},{\"Rune\":0,\"Stats\":\"HP\",\"Value\":278,\"Roll\":0}]', 19, '2021-04-12 11:31:24', '2021-04-12 11:31:24', '2021-04-12 11:31:18'),
(149, 3, NULL, 'Gauntlets', 'Speed', NULL, 'Rare', 5, 0, 'C.DMG', 10, '[{\"Rune\":0,\"Stats\":\"ATK\",\"Value\":16,\"Roll\":0},{\"Rune\":0,\"Stats\":\"DEF\",\"Value\":18,\"Roll\":0}]', 18, '2021-04-12 11:31:18', '2021-04-12 11:31:18', '2021-04-12 11:31:18');

INSERT INTO `configurations` (`id`, `user_id`, `champion_id`, `configuration`, `method`, `activated`, `locked`, `accessories`, `created_at`, `updated_at`, `deleted_at`) VALUES
(1, 1, 1, '[]', 'ListSets', 1, 0, NULL, '2021-04-12 11:31:26', '2021-04-12 11:31:26', NULL),
(2, 1, 2, '[]', 'SpecificSets', 0, 1, 'Ring', '2021-04-12 11:31:26', '2021-04-12 11:31:26', NULL),
(3, 1, 3, '[]', 'ListSets', 1, 0, 'Amulet', '2021-04-12 11:31:26', '2021-04-12 11:31:26', NULL),
(4, 2, 10, '[]', 'ListSets', 1, 0, NULL, '2021-04-12 11:31:26', '2021-04-12 11:31:26', NULL),
(5, 2, 11, '[]', 'SpecificSets', 0, 1, 'Ring', '2021-04-12 11:31:26', '2021-04-12 11:31:26', NULL),
(6, 2, 12, '[]', 'ListSets', 1, 0, 'Amulet', '2021-04-12 11:31:26', '2021-04-12 11:31:26', NULL),
(7, 3, 21, '[]', 'ListSets', 1, 0, NULL, '2021-04-12 11:31:26', '2021-04-12 11:31:26', '2021-04-12 11:31:26'),
(8, 3, 22, '[]', 'SpecificSets', 0, 1, 'Ring', '2021-04-12 11:31:26', '2021-04-12 11:31:26', '2021-04-12 11:31:26'),
(9, 3, 23, '[]', 'ListSets', 1, 0, 'Amulet', '2021-04-12 11:31:26', '2021-04-12 11:31:26', '2021-04-12 11:31:26');

SET FOREIGN_KEY_CHECKS=1;
COMMIT;
